,year,month,date,client_id_num,client_id,cusip_num,cusip,broker_name_num,broker_name,si_firm_id,si_primary_firm_name,fds_broker_id,sale,redemption,unique_zip_count,hoa_sale,hoa_redemption,hoa_unique_zip_count,hhoa,home_office_activity,sale_std_dev_from_mean,redemption_std_dev_from_mean,unique_zip_count_std_dev_from_mean,day_of_week,fund_id,hoa_last_year
536,2016.0,1.0,2016-01-11,24,PIMCO,4929,693391732,2,"Securities America, Inc.",4059,"SECURITIES AMERICA, INC.",LMS38900,26774303.77,0.0,136,26774303.77,0.0,136.0,0.0,1,0.0,0.0,0.0,0,FSUSA001ZF,0
2084,2016.0,3.0,2016-03-01,24,PIMCO,31890,01882B205,1679,MERRILL LYNCH PIERCE FENNER & SMITH,3315,"MERRILL LYNCH, PIERCE, FENNER & SMITH INCORPORATED",LMS28710,54378076.29,0.0,485,54378076.29,0.0,485.0,0.0,1,2.6739133897601133,0.0,2.7445766955641298,1,FSUSA06OJJ,0
2358,2016.0,3.0,2016-03-02,24,PIMCO,4929,693391732,2,"Securities America, Inc.",4059,"SECURITIES AMERICA, INC.",LMS38900,0.0,-20447444.99,124,0.0,-20447444.99,124.0,0.0,1,-0.5778689275154996,-1.1254621457451182,0.4574746066555265,2,FSUSA001ZF,0
2666,2016.0,3.0,2016-03-18,24,PIMCO,23720,72201F490,13,"Wells Fargo Advisors, LLC",83333,"WELLS FARGO ADVISORS, LLC",LMS46910,24692579.03,0.0,93,24771879.03,0.0,94.0,1.0,1,5.688813022507772,0.4469397464461464,0.7077845649697629,4,FSUSA07XD8,0
5297,2016.0,6.0,2016-06-30,24,PIMCO,4882,72201M487,15318,"BMO HARRIS FINANCIAL ADVISORS, INC.",41557,"BMO HARRIS FINANCIAL ADVISORS, INC",LMS20370,0.0,-46979521.38,117,0.0,-46979521.38,117.0,0.0,1,-0.7071067811865475,-0.7071067811865475,-0.7071067811865475,3,FSUSA08W9O,0
6200,2016.0,8.0,2016-08-09,24,PIMCO,23720,72201F490,1998,Wells Fargo Advisors (PCG),83333,"WELLS FARGO ADVISORS, LLC",LMS46910,1049638.74,-551436.17,74,1049638.74,0.0,13.0,0.0,1,-0.5330449507392945,-0.10573391906998522,-0.5895253712447729,1,FSUSA07XD8,1
6535,2016.0,8.0,2016-08-24,24,PIMCO,4947,693391559,1998,Wells Fargo Advisors (PCG),83333,"WELLS FARGO ADVISORS, LLC",LMS46910,2677588.16,-29286.63,34,2667402.07,0.0,23.0,0.0,1,0.0,0.0,0.0,2,FSUSA003CX,0
6835,2016.0,9.0,2016-09-07,24,PIMCO,23720,72201F490,1998,Wells Fargo Advisors (PCG),83333,"WELLS FARGO ADVISORS, LLC",LMS46910,2737643.41,-694779.48,323,2687047.43,0.0,24.0,0.0,1,0.1803147654356016,-0.2332748099995502,4.816637700530802,2,FSUSA07XD8,1
7307,2016.0,9.0,2016-09-28,24,PIMCO,5004,72201M719,40,Merrill Lynch,3315,"MERRILL LYNCH, PIERCE, FENNER & SMITH INCORPORATED",LMS28710,25504036.97,0.0,138,25504036.97,0.0,138.0,1.0,1,7.765022574684969,0.634012563146153,1.2443851138280275,2,FSUSA07XD8,1
7841,2016.0,10.0,2016-10-21,24,PIMCO,4866,693390700,154884,JP Morgan Securities - Chase Wealth Management,57,J.P. MORGAN SECURITIES LLC,LMS24110,12234159.67,-1463081.22,1571,12234159.67,-1463081.22,1571.0,1.0,1,5.858473084298753,-1.1044735605423217,3.427076098460518,4,FSUSA001ZG,0
10186,2017.0,1.0,2017-01-10,24,PIMCO,28503,72201U646,154902,LPL Financial Corporation (Firm),2400,LPL FINANCIAL LLC,LMS26830,23719291.93,-26094.75,633,23719291.93,-26094.75,633.0,0.0,1,0.7071067811865475,0.7071067811865477,0.7071067811865476,1,FS00009OHZ,0
10203,2017.0,1.0,2017-01-10,24,PIMCO,4948,72201M685,154902,LPL Financial Corporation (Firm),2400,LPL FINANCIAL LLC,LMS26830,25831938.41,-739737.76,707,25831938.41,-739737.76,707.0,1.0,1,5.9233176141878285,-0.081126062346244,5.5660856897147575,1,FSUSA004US,0
12574,2017.0,4.0,2017-04-04,24,PIMCO,5004,72201M719,17951,Morgan Stanley Wealth Management,51410,MORGAN STANLEY,LMS29880,10897085.6627,-1036398.2811,223,10897085.6627,-1036398.2811,223.0,1.0,1,1.7605833924070815,0.5687901232951599,2.3290493417459763,1,FSUSA07XD8,1
12635,2017.0,4.0,2017-04-06,24,PIMCO,4935,72201M669,40,Merrill Lynch,3315,"MERRILL LYNCH, PIERCE, FENNER & SMITH INCORPORATED",LMS28710,213.99,-1033083.02,2,0.0,-1033083.02,1.0,0.0,1,-1.0265896867173565,-2.662930628572816,-1.1247031897159647,3,FSUSA001ZF,0
12638,2017.0,4.0,2017-04-06,24,PIMCO,4971,72201M784,40,Merrill Lynch,3315,"MERRILL LYNCH, PIERCE, FENNER & SMITH INCORPORATED",LMS28710,6517611.4102,-764729.16,126,6501184.2802,0.0,125.0,0.0,1,3.3271216440197167,-4.2037275147234405,0.5958477844621723,3,FSUSA00203,0
12640,2017.0,4.0,2017-04-06,24,PIMCO,4971,72201M784,1679,MERRILL LYNCH PIERCE FENNER & SMITH,3315,"MERRILL LYNCH, PIERCE, FENNER & SMITH INCORPORATED",LMS28710,1271172.6702,-2000.0,33,1271172.6702,0.0,32.0,0.0,1,-0.370642034149947,0.2644371466131879,-0.7776613297918393,3,FSUSA00203,0
12648,2017.0,4.0,2017-04-06,24,PIMCO,4971,72201M784,569,MERRILL LYNCH PIERCE FENNER & SMITH INC,3315,"MERRILL LYNCH, PIERCE, FENNER & SMITH INCORPORATED",LMS28710,1834793.7602,-486.32,31,1834793.7602,0.0,31.0,0.0,1,0.035756460931248624,0.2670698831416457,-0.7784343469958905,3,FSUSA00203,0
12681,2017.0,4.0,2017-04-07,24,PIMCO,4971,72201M784,1679,MERRILL LYNCH PIERCE FENNER & SMITH,3315,"MERRILL LYNCH, PIERCE, FENNER & SMITH INCORPORATED",LMS28710,6133093.1998,0.0,50,6133093.1998,0.0,50.0,0.0,1,2.5968792981929503,0.2639577770582773,-0.4733514199007139,4,FSUSA00203,0
12691,2017.0,4.0,2017-04-07,24,PIMCO,4971,72201M784,9,"Merrill Lynch, Pierce, Fenner & Smith Incorporated",3315,"MERRILL LYNCH, PIERCE, FENNER & SMITH INCORPORATED",LMS28710,3341006.8005,0.0,25,3341006.8005,0.0,25.0,0.0,1,0.8228175823896479,0.2582531242145769,-0.834079759205973,4,FSUSA00203,0
12699,2017.0,4.0,2017-04-07,24,PIMCO,4935,72201M669,40,Merrill Lynch,3315,"MERRILL LYNCH, PIERCE, FENNER & SMITH INCORPORATED",LMS28710,160023.04,-7186863.67,3,0.0,-7186863.67,1.0,0.0,1,-0.8935413232629569,-2.816837306048141,-0.7812685983945409,4,FSUSA001ZF,0
12703,2017.0,4.0,2017-04-07,24,PIMCO,4971,72201M784,40,Merrill Lynch,3315,"MERRILL LYNCH, PIERCE, FENNER & SMITH INCORPORATED",LMS28710,16396125.4894,-642958.34,169,16396125.4894,0.0,169.0,0.0,1,4.220065726677223,-2.9741391199959555,1.3509708669966165,4,FSUSA00203,0
12709,2017.0,4.0,2017-04-07,24,PIMCO,4971,72201M784,569,MERRILL LYNCH PIERCE FENNER & SMITH INC,3315,"MERRILL LYNCH, PIERCE, FENNER & SMITH INCORPORATED",LMS28710,4199195.5201,0.0,49,4199195.5201,0.0,49.0,0.0,1,0.4759621560585758,0.3241090672464463,-0.4912026509671351,4,FSUSA00203,0
12829,2017.0,4.0,2017-04-12,24,PIMCO,4980,722005816,174017,Chase Wealth Management,57,J.P. MORGAN SECURITIES LLC,LMS24110,351475.46,-1890256.88,232,0.0,-1880400.39,130.0,0.0,1,-0.6234353085899071,-3.021736564953041,-2.2083218451142907,2,FSUSA004US,1
13080,2017.0,4.0,2017-04-21,24,PIMCO,4980,722005816,174017,Chase Wealth Management,57,J.P. MORGAN SECURITIES LLC,LMS24110,411245.72,-1267558.91,120,0.0,-1266490.78,78.0,0.0,1,-0.570432259935735,-1.2045471237656582,-2.2614583671000053,4,FSUSA004US,1
13151,2017.0,4.0,2017-04-25,24,PIMCO,4980,722005816,174017,Chase Wealth Management,57,J.P. MORGAN SECURITIES LLC,LMS24110,704954.56,-1200996.74,208,0.0,-1194758.02,144.0,0.0,1,-0.4004594243318366,-0.9696883478430588,-1.6575903850900535,1,FSUSA004US,1
13307,2017.0,5.0,2017-05-01,24,PIMCO,4955,72201M743,156563,PNC Investments - Broker Dealer,35145,PNC INVESTMENTS,LMS34440,4044101.0,0.0,99,3725504.0,0.0,91.0,0.0,1,0.0,0.0,0.0,0,FSUSA004EP,0
13484,2017.0,5.0,2017-05-05,24,PIMCO,4948,72201M685,154902,LPL Financial Corporation (Firm),2400,LPL FINANCIAL LLC,LMS26830,2905688.21,-182841.7,183,2905688.21,-182841.7,183.0,1.0,1,0.21171114130875135,0.8599399362749336,0.8296783548161392,4,FSUSA004US,1
13732,2017.0,5.0,2017-05-16,24,PIMCO,5004,72201M719,40,Merrill Lynch,3315,"MERRILL LYNCH, PIERCE, FENNER & SMITH INCORPORATED",LMS28710,6852881.2893,-2743441.96,128,6852881.2893,-2743441.96,128.0,1.0,1,0.2120224163761612,-2.987101205166089,0.2403674959558061,1,FSUSA07XD8,1
13746,2017.0,5.0,2017-05-16,24,PIMCO,5004,72201M719,569,MERRILL LYNCH PIERCE FENNER & SMITH INC,3315,"MERRILL LYNCH, PIERCE, FENNER & SMITH INCORPORATED",LMS28710,2243485.6798,0.0,27,2243485.6798,0.0,27.0,0.0,1,-0.7916292183133128,0.3703994762315739,-2.200816189291591,1,FSUSA07XD8,1
13747,2017.0,5.0,2017-05-16,24,PIMCO,5004,72201M719,1679,MERRILL LYNCH PIERCE FENNER & SMITH,3315,"MERRILL LYNCH, PIERCE, FENNER & SMITH INCORPORATED",LMS28710,1707765.04,0.0,33,1707765.04,0.0,33.0,0.0,1,-0.9057221496898328,0.3696646671990811,-2.0368074859393004,1,FSUSA07XD8,1
14873,2017.0,6.0,2017-06-26,24,PIMCO,4948,72201M685,162,UBS Financial Services Inc,3614,UBS FINANCIAL SERVICES INC.,LMS44920,34840049.4112,-38129.6399,118,34840049.4112,0.0,111.0,0.0,1,4.398516161162206,0.8368517571630607,4.331600233286725,0,FSUSA004US,1
14885,2017.0,6.0,2017-06-26,24,PIMCO,5004,72201M719,162,UBS Financial Services Inc,3614,UBS FINANCIAL SERVICES INC.,LMS44920,4574674.61,-19591752.0881,233,0.0,-19591752.0881,221.0,0.0,1,0.34838481969791496,-11.025758180259464,5.606430108230429,0,FSUSA07XD8,1
14887,2017.0,6.0,2017-06-26,24,PIMCO,4948,72201M685,17951,Morgan Stanley Wealth Management,51410,MORGAN STANLEY,LMS29880,1691308.3107,-141788.7702,53,1246312.34,0.0,3.0,0.0,1,0.26186274322197617,0.5795399309018309,0.526693486904115,0,FSUSA004US,1
15179,2017.0,7.0,2017-07-07,24,PIMCO,4959,72201M594,17951,Morgan Stanley Wealth Management,51410,MORGAN STANLEY,LMS29880,4025526.54,-349382.37,483,3919677.31,0.0,478.0,0.0,1,1.1186866846766208,0.8041753883590227,4.199147243543507,4,FSUSA001ZH,0
15183,2017.0,7.0,2017-07-07,24,PIMCO,4971,72201M784,17951,Morgan Stanley Wealth Management,51410,MORGAN STANLEY,LMS29880,118247.26,-10540773.96,420,0.0,-10455175.05,412.0,0.0,1,-1.0553544771285748,-4.412737949068827,3.267516852175785,4,FSUSA00203,1
15202,2017.0,7.0,2017-07-07,24,PIMCO,4943,72201M735,17951,Morgan Stanley Wealth Management,51410,MORGAN STANLEY,LMS29880,4414.61,-13090905.53,298,0.0,-13066588.15,294.0,0.0,1,-0.7071067811835341,-0.7071067811865475,0.7071067811865474,4,FSUSA001ZK,0
15322,2017.0,7.0,2017-07-12,24,PIMCO,4948,72201M685,154902,LPL Financial Corporation (Firm),2400,LPL FINANCIAL LLC,LMS26830,1448384.1,-145574.46,136,1239922.21,0.0,123.0,0.0,1,-0.1826753454005598,0.8645686792633667,0.2913657655199195,2,FSUSA004US,1
15336,2017.0,7.0,2017-07-12,24,PIMCO,28503,72201U646,154902,LPL Financial Corporation (Firm),2400,LPL FINANCIAL LLC,LMS26830,1671032.35,-3652.08,108,1423573.77,0.0,101.0,0.0,1,-0.3144397793419283,0.5875299944784755,-0.02059631250574886,2,FS00009OHZ,1
15798,2017.0,7.0,2017-07-28,24,PIMCO,23720,72201F490,17196,First Republic Investment Management Inc,17676,"FIRST REPUBLIC INVESTMENT MANAGEMENT, INC.",LMS245730,55535131.65,-356932.19,1,55535131.65,-356932.19,1.0,1.0,1,6.320315411802735,0.4063165622541552,-0.2527576391226811,4,FSUSA07XD8,1
15946,2017.0,8.0,2017-08-02,24,PIMCO,5004,72201M719,17951,Morgan Stanley Wealth Management,51410,MORGAN STANLEY,LMS29880,17429036.72,-3716096.3,232,17429036.72,-3716096.3,232.0,1.0,1,3.1603001381570714,-1.2621806085649026,1.8992864721145808,2,FSUSA07XD8,1
16666,2017.0,8.0,2017-08-28,24,PIMCO,4867,722005667,1998,Wells Fargo Advisors (PCG),83334,WELLS FARGO BANK,LMS46920,1166486.92,-2211.69,39,8861377.04,-23656.26,294.0,1.0,1,0.0,0.0,0.0,0,FSUSA00GO1,0
16687,2017.0,8.0,2017-08-28,24,PIMCO,4867,722005667,1998,Wells Fargo Advisors (PCG),83333,"WELLS FARGO ADVISORS, LLC",LMS46910,7679286.53,-21444.57,259,8861377.04,-23656.26,294.0,1.0,1,0.7071067811865475,0.7071067811865474,0.7071067811865475,0,FSUSA00GO1,0
16710,2017.0,8.0,2017-08-29,24,PIMCO,5004,72201M719,17951,Morgan Stanley Wealth Management,51410,MORGAN STANLEY,LMS29880,11197082.4,-1426852.97,226,11197082.4,-1426852.97,226.0,1.0,1,1.2607528170207751,0.30895264296893765,1.583170459528337,1,FSUSA07XD8,1
17036,2017.0,9.0,2017-09-11,24,PIMCO,7107,72201P175,151,Edward Jones,164,"EDWARD D. JONES & CO., L.P.",LMS13460,29206163.63,-102570.99,1969,29206163.63,-102570.99,1969.0,1.0,1,0.7071067811865475,-0.7071067811865475,0.7071067811865476,0,FSUSA0AOFK,0
18362,2017.0,10.0,2017-10-20,24,PIMCO,4943,72201M735,10969,STIFEL NICOLAUS,544,"STIFEL, NICOLAUS & COMPANY, INCORPORATED",LMS41260,5329.5,-39064792.3101,276,0.0,-39064792.3101,275.0,1.0,1,-0.5787557736831449,-1.1194554623073116,0.7803989725717078,4,FSUSA001ZK,1
18816,2017.0,11.0,2017-11-03,24,PIMCO,4883,693390601,101847,"Broadridge Business Process Outsourcing, LLC",22742,"BROADRIDGE BUSINESS PROCESS OUTSOURCING, LLC",LMS30100,50000.0,-6269987.37,1,50000.0,-6269987.37,1.0,1.0,1,-0.6309078286911916,0.03589808089538399,0.0,4,FSUSA001ZH,1
19088,2017.0,11.0,2017-11-13,24,PIMCO,4873,72201M552,581,Raymond James & Associates,477,"RAYMOND JAMES & ASSOCIATES, INC.",LMS36230,24522341.51,-126013.6,250,24522341.51,-126013.6,250.0,1.0,1,0.7071067811865476,0.7071067811865476,0.7071067811865476,0,FSUSA001ZG,1
19469,2017.0,11.0,2017-11-28,24,PIMCO,4866,693390700,174017,Chase Wealth Management,57,J.P. MORGAN SECURITIES LLC,LMS24110,19877659.69,-203346.78,885,19877659.69,-203346.78,885.0,1.0,1,10.694745467928364,1.2576588096928702,1.4680480410472592,1,FSUSA001ZG,1
19613,2017.0,12.0,2017-12-01,24,PIMCO,4997,693390841,174017,Chase Wealth Management,57,J.P. MORGAN SECURITIES LLC,LMS24110,1347027.31,-27940199.6503,1539,0.0,-27940199.6503,1527.0,1.0,1,-0.8434545843029895,-9.972711453269056,6.912638134145107,4,FSUSA001ZK,1
20977,2018.0,1.0,2018-01-10,24,PIMCO,4997,693390841,174052,AssetMark - PARENT,18111,"ASSETMARK, INC.",LMS18000,222201.22,-66810223.51,1,0.0,-66810223.51,1.0,1.0,1,-1.1363560317242578,-1.1545279739203997,0.0,2,FSUSA001ZK,1
21130,2018.0,1.0,2018-01-12,24,PIMCO,7107,72201P175,88923,Sand Hill Advisors,20214,"SAND HILL GLOBAL ADVISORS, LLC",LMS512360,0.0,-54073377.12,1,0.0,-54073377.12,1.0,1.0,1,-0.7071067811865475,-0.7071067811865476,0.0,4,FSUSA0AOFK,1
21433,2018.0,1.0,2018-01-22,24,PIMCO,4971,72201M784,40,Merrill Lynch,3315,"MERRILL LYNCH, PIERCE, FENNER & SMITH INCORPORATED",LMS28710,31002247.6658,-9995533.65,261,31002247.6658,-9995533.65,261.0,1.0,1,5.9717994767898475,-3.1813661561949282,2.1778414927661527,0,FSUSA00203,1
21502,2018.0,1.0,2018-01-23,24,PIMCO,4971,72201M784,40,Merrill Lynch,3315,"MERRILL LYNCH, PIERCE, FENNER & SMITH INCORPORATED",LMS28710,6840769.9904,-27918974.52,164,0.0,-27918974.52,1.0,1.0,1,0.8851544675418149,-6.356156042951643,0.971397647871536,1,FSUSA00203,1
21509,2018.0,1.0,2018-01-23,24,PIMCO,4867,722005667,6436,Wells Fargo Advisors (WBS),83334,WELLS FARGO BANK,LMS46920,24411628.5892,-37935.1499,884,24411628.5892,-37935.1499,884.0,1.0,1,0.7071067811865475,-0.7071067811865476,0.7071067811865475,1,FSUSA00GO1,1
21517,2018.0,1.0,2018-01-23,24,PIMCO,4867,722005667,1998,Wells Fargo Advisors (PCG),83333,"WELLS FARGO ADVISORS, LLC",LMS46910,63337012.3313,-99844.135,638,71392048.8191,-103960.01,708.0,1.0,1,1.77621226499897,0.5968197845654065,1.6510212541823672,1,FSUSA00GO1,1
21532,2018.0,1.0,2018-01-23,24,PIMCO,4867,722005667,1998,Wells Fargo Advisors (PCG),83334,WELLS FARGO BANK,LMS46920,5239101.2185,-3817.54,72,71392048.8191,-103960.01,708.0,1.0,1,-0.4054836422688655,0.5370996093958692,-0.5425329148027205,1,FSUSA00GO1,1
21587,2018.0,1.0,2018-01-24,24,PIMCO,4971,72201M784,40,Merrill Lynch,3315,"MERRILL LYNCH, PIERCE, FENNER & SMITH INCORPORATED",LMS28710,45215190.8622,-1483315.98,286,45215190.8622,-1483315.98,286.0,1.0,1,6.276522529660585,-0.06521665554095822,2.4570196853395343,2,FSUSA00203,1
21658,2018.0,1.0,2018-01-25,24,PIMCO,4866,693390700,101847,"Broadridge Business Process Outsourcing, LLC",22742,"BROADRIDGE BUSINESS PROCESS OUTSOURCING, LLC",LMS30100,257149.33,-74211006.01,1,0.0,-74211006.01,1.0,1.0,1,-1.158895553997265,-2.039569379547672,0.0,3,FSUSA001ZG,1
21965,2018.0,1.0,2018-01-31,24,PIMCO,4997,693390841,174017,Chase Wealth Management,57,J.P. MORGAN SECURITIES LLC,LMS24110,501746.94,-45090640.3001,1361,0.0,-45090640.3001,1353.0,1.0,1,-2.2191010994831784,-9.695689145870835,4.493824626274917,2,FSUSA001ZK,1
22087,2018.0,2.0,2018-02-02,24,PIMCO,4867,722005667,1998,Wells Fargo Advisors (PCG),83333,"WELLS FARGO ADVISORS, LLC",LMS46910,30170735.9666,-79162.2899,139,30244866.9299,-81434.0899,148.0,1.0,1,0.6247130183683546,0.5034377507056782,-0.3881096679465482,4,FSUSA00GO1,1
22110,2018.0,2.0,2018-02-02,24,PIMCO,4997,693390841,174017,Chase Wealth Management,57,J.P. MORGAN SECURITIES LLC,LMS24110,871580.35,-41577160.9299,1601,0.0,-41577160.9299001,1599.0,1.0,1,-1.4980301640793054,-7.36724404099609,5.162824070863892,4,FSUSA001ZK,1
22142,2018.0,2.0,2018-02-02,24,PIMCO,23720,72201F490,1998,Wells Fargo Advisors (PCG),83333,"WELLS FARGO ADVISORS, LLC",LMS46910,4085656.8299,-30013242.7964,187,0.0,-30038672.359,107.0,1.0,1,0.2527585551874873,-15.149074734704866,0.6775384783969844,4,FSUSA07XD8,1
22155,2018.0,2.0,2018-02-02,24,PIMCO,4866,693390700,1998,Wells Fargo Advisors (PCG),83333,"WELLS FARGO ADVISORS, LLC",LMS46910,26670097.8502,-211665.11,62,26670097.8502,-218716.6601,65.0,1.0,1,2.1792496528426835,0.4988597628359194,1.3389868873277997,4,FSUSA001ZG,1
22344,2018.0,2.0,2018-02-07,24,PIMCO,5004,72201M719,154902,LPL Financial Corporation (Firm),2400,LPL FINANCIAL LLC,LMS26830,5341124.5,-43539268.2198,203,0.0,-43539268.2198,97.0,1.0,1,0.1120571952132984,-14.694317335030307,0.9255383922629548,2,FSUSA07XD8,1
22501,2018.0,2.0,2018-02-09,24,PIMCO,4883,693390601,174017,Chase Wealth Management,57,J.P. MORGAN SECURITIES LLC,LMS24110,511038.4,-57924829.3505,1622,0.0,-57924829.3505,1621.0,1.0,1,-0.8886846538178338,-3.193842601676393,1.2696698520882246,4,FSUSA001ZH,1
22652,2018.0,2.0,2018-02-13,24,PIMCO,23769,72201U828,37386,Sierra Investment Management Inc,15882,SIERRA INVESTMENT MANAGEMENT INC,LMS528710,55853456.44,0.0,1,55853456.44,0.0,1.0,1.0,1,2.153042207295996,0.4950538030897119,0.0,1,FS00009EHG,0
22757,2018.0,2.0,2018-02-15,24,PIMCO,4883,693390601,174017,Chase Wealth Management,57,J.P. MORGAN SECURITIES LLC,LMS24110,40477993.2203,-50468.62,1569,40477993.2203,-50468.62,1569.0,1.0,1,2.4506588331600856,0.2786478194027324,1.0270606301336809,3,FSUSA001ZH,1
23048,2018.0,2.0,2018-02-23,24,PIMCO,4944,722005626,162,UBS Financial Services Inc,3614,UBS FINANCIAL SERVICES INC.,LMS44920,0.0,-64220137.6199,1,0.0,-64220137.6199,1.0,1.0,1,-0.4472135954999579,-1.7410138670109372,-0.9561828874675148,4,FSUSA00HA4,0
23063,2018.0,2.0,2018-02-26,24,PIMCO,4946,693390882,33199,Advance Capital Management Inc,19724,ADVANCE CAPITAL MANAGEMENT INC,LMS66340,151338.1,-64646562.76,1,0.0,-64646562.76,1.0,1.0,1,-0.3425257448580878,-2.262775542646306,-0.3779644730092271,0,FSUSA00203,1
23081,2018.0,2.0,2018-02-26,24,PIMCO,23720,72201F490,183,Securities America Inc,4059,"SECURITIES AMERICA, INC.",LMS38900,831127.25,-21756957.43,45,0.0,-21756957.43,24.0,1.0,1,-0.6569544627789221,-6.518557273426599,1.0641719445960125,0,FSUSA07XD8,1
23712,2018.0,3.0,2018-03-15,24,PIMCO,4879,693391104,174017,Chase Wealth Management,57,J.P. MORGAN SECURITIES LLC,LMS24110,222688.03,-37596246.3299,1557,0.0,-37596246.3299,1556.0,1.0,1,-1.852380293194778,-2.184887698603628,1.5478735083184028,3,FSUSA0041O,0
24042,2018.0,3.0,2018-03-27,24,PIMCO,28500,72201U638,154888,National Financial Services Co.,4795,"NATIONAL FINANCIAL SERVICES, LLC",LMS420300,86553985.68,-73900.89,2,86553985.68,-73900.89,2.0,1.0,1,0.0,0.0,0.0,1,FS00009OHZ,1
24119,2018.0,3.0,2018-03-29,24,PIMCO,23720,72201F490,162,UBS Financial Services Inc,3614,UBS FINANCIAL SERVICES INC.,LMS44920,94000000.0,-271029.16,4,94000000.0,-271029.16,4.0,1.0,1,5.040616045145471,-0.020740987974183958,0.8941620314928291,3,FSUSA07XD8,1
24643,2018.0,4.0,2018-04-13,24,PIMCO,4997,693390841,268,GENEOS WEALTH MANAGEMENT INC,28446,"GENEOS WEALTH MANAGEMENT, INC.",LMS17920,43212066.62,0.0,57,43212066.62,0.0,57.0,0.0,1,0.0,0.0,0.0,4,FSUSA001ZK,1
24714,2018.0,4.0,2018-04-16,24,PIMCO,4866,693390700,1998,Wells Fargo Advisors (PCG),83333,"WELLS FARGO ADVISORS, LLC",LMS46910,48504.4499,-45590833.2562,56,0.0,-46798306.1562,46.0,1.0,1,-0.44074989847228907,-3.7031391179926114,0.29401321800239155,0,FSUSA001ZG,1
24914,2018.0,4.0,2018-04-20,24,PIMCO,5016,72201M792,40,Merrill Lynch,3315,"MERRILL LYNCH, PIERCE, FENNER & SMITH INCORPORATED",LMS28710,78939497.75,-21143.07,24,78939497.75,-21143.07,24.0,1.0,1,6.9330545459627855,0.5359793520894371,4.914547024078124,4,FSUSA04ZO4,0
25675,2018.0,5.0,2018-05-15,24,PIMCO,4935,72201M669,581,Raymond James & Associates,477,"RAYMOND JAMES & ASSOCIATES, INC.",LMS36230,31081626.4902,-243.74,250,31081626.4902,-243.74,250.0,1.0,1,0.0,0.0,0.0,1,FSUSA001ZF,1
25713,2018.0,5.0,2018-05-15,24,PIMCO,4935,72201M669,154901,Raymond James Financial Services (Firm),2562,"RAYMOND JAMES FINANCIAL SERVICES, INC.",LMS36240,52275790.79,-3201.92,663,52275790.79,-3201.92,663.0,1.0,1,0.7071067811865475,-0.7071067811865475,0.7071067811865475,1,FSUSA001ZF,1
25724,2018.0,5.0,2018-05-16,24,PIMCO,4935,72201M669,154901,Raymond James Financial Services (Firm),2562,"RAYMOND JAMES FINANCIAL SERVICES, INC.",LMS36240,40276613.75,-5189.98,538,40276613.75,-5189.98,538.0,1.0,1,0.3368619821043714,-1.1506761575371949,0.3310326107659252,2,FSUSA001ZF,1
25762,2018.0,5.0,2018-05-16,24,PIMCO,4935,72201M669,581,Raymond James & Associates,477,"RAYMOND JAMES & ASSOCIATES, INC.",LMS36230,22216277.14,-2283.16,207,22216277.14,-2283.16,207.0,1.0,1,-0.7071067811865474,-0.7071067811865476,-0.7071067811865475,2,FSUSA001ZF,1
26062,2018.0,5.0,2018-05-24,24,PIMCO,5016,72201M792,40,Merrill Lynch,3315,"MERRILL LYNCH, PIERCE, FENNER & SMITH INCORPORATED",LMS28710,59318213.97,-296310.14,10,59318213.97,-296310.14,10.0,1.0,1,4.730143511855591,0.29462185181554984,1.119778376794492,3,FSUSA04ZO4,0
26585,2018.0,6.0,2018-06-11,24,PIMCO,4883,693390601,174017,Chase Wealth Management,57,J.P. MORGAN SECURITIES LLC,LMS24110,32936046.38,-153409.94,1569,32690419.31,0.0,1564.0,0.0,1,3.584300895734548,0.13011392074465067,2.2365051226736505,0,FSUSA001ZH,1
26651,2018.0,6.0,2018-06-12,24,PIMCO,4883,693390601,174017,Chase Wealth Management,57,J.P. MORGAN SECURITIES LLC,LMS24110,55492298.1099,-214726.86,1396,55082608.9199,0.0,1377.0,0.0,1,5.004964565999098,0.12062822942214985,1.7400056497444076,1,FSUSA001ZH,1
26679,2018.0,6.0,2018-06-13,24,PIMCO,4883,693390601,174017,Chase Wealth Management,57,J.P. MORGAN SECURITIES LLC,LMS24110,27767278.12,-190505.97,1592,27580580.66,0.0,1589.0,0.0,1,2.1278458470411525,0.12310686751633824,2.1352759784235653,2,FSUSA001ZH,1
26717,2018.0,6.0,2018-06-14,24,PIMCO,4948,72201M685,40,Merrill Lynch,3315,"MERRILL LYNCH, PIERCE, FENNER & SMITH INCORPORATED",LMS28710,100286.27,-55266088.68,11,0.0,-55266088.68,1.0,1.0,1,-0.2680528410236848,-6.700340839998251,-0.5743105526638375,3,FSUSA004US,1
26760,2018.0,6.0,2018-06-15,24,PIMCO,4883,693390601,174017,Chase Wealth Management,57,J.P. MORGAN SECURITIES LLC,LMS24110,4043394.03,-288626.04,717,3973279.04,0.0,600.0,0.0,1,-0.18076981668909395,0.10829052507003006,0.016723592316720347,4,FSUSA001ZH,1
26826,2018.0,6.0,2018-06-19,24,PIMCO,4883,693390601,174017,Chase Wealth Management,57,J.P. MORGAN SECURITIES LLC,LMS24110,11381670.66,-294642.69,991,11273245.01,0.0,873.0,0.0,1,0.5497118576138968,0.10563160616387192,0.6971634901412429,1,FSUSA001ZH,1
27029,2018.0,6.0,2018-06-26,24,PIMCO,4878,72201M636,154902,LPL Financial Corporation (Firm),2400,LPL FINANCIAL LLC,LMS26830,2077538.1999,-6184.65,111,2046637.5599,0.0,110.0,0.0,1,1.1546940313610088,1.1408502088099146,1.1546593258134017,1,FSUSA0041O,1
27088,2018.0,6.0,2018-06-27,24,PIMCO,4948,72201M685,40,Merrill Lynch,3315,"MERRILL LYNCH, PIERCE, FENNER & SMITH INCORPORATED",LMS28710,72661525.8499,-547266.41,10,72661525.8499,-547266.41,10.0,1.0,1,5.347635202472434,0.2793072578150737,-0.8884120268757225,2,FSUSA004US,1
27109,2018.0,6.0,2018-06-27,24,PIMCO,4948,72201M685,1679,MERRILL LYNCH PIERCE FENNER & SMITH,3315,"MERRILL LYNCH, PIERCE, FENNER & SMITH INCORPORATED",LMS28710,5003752.32,0.0,1,4981828.32,0.0,1.0,0.0,1,0.10240926245542784,0.34643605804015165,-2.3190254185157144,2,FSUSA004US,1
27227,2018.0,7.0,2018-07-02,24,PIMCO,4904,72201F474,9639,Barber Financial Group,53154,BARBER FINANCIAL GROUP,LMS104610,491873.41,-134682724.68,1,0.0,-134682724.68,1.0,1.0,1,-0.3326179651799862,-4.79887838385812,-0.9413574486632832,0,FSUSA07XD8,1
27580,2018.0,7.0,2018-07-13,24,PIMCO,28500,72201U638,174052,AssetMark - PARENT,18111,"ASSETMARK, INC.",LMS18000,57879190.44,0.0,1,57879190.44,0.0,1.0,1.0,1,1.4989764724361712,0.5003623663781517,0.0,4,FS00009OHZ,1
27984,2018.0,7.0,2018-07-27,24,PIMCO,4959,72201M594,17951,Morgan Stanley Wealth Management,51410,MORGAN STANLEY,LMS29880,46869235.6699,-2003478.6901,462,46869235.6699,-2003478.6901,462.0,1.0,1,9.691161745865472,-0.4915388211026009,6.34264107737497,4,FSUSA001ZH,1
28046,2018.0,7.0,2018-07-30,24,PIMCO,5249,72201F672,151719,Jordan Park Group LLC,76447,JORDAN PARK GROUP LLC,LMS731570,68849785.0,0.0,1,68849785.0,0.0,1.0,1.0,1,0.0,0.0,0.0,0,FSUSA075ZS,0
28547,2018.0,8.0,2018-08-15,24,PIMCO,23720,72201F490,162,UBS Financial Services Inc,3614,UBS FINANCIAL SERVICES INC.,LMS44920,0.0,-103430480.39,2,0.0,-103430480.39,2.0,1.0,1,-0.3365938951059872,-5.729974998204553,-0.7104339988622219,2,FSUSA07XD8,1
28798,2018.0,8.0,2018-08-23,24,PIMCO,23735,72201T524,125630,Foresters Financial,196,"FORESTERS FINANCIAL SERVICES, INC.",LMS15910,39931678.83,0.0,44,39931678.83,0.0,44.0,1.0,1,0.0,0.0,0.0,3,FS000093HV,0
28846,2018.0,8.0,2018-08-24,24,PIMCO,23720,72201F490,1998,Wells Fargo Advisors (PCG),83333,"WELLS FARGO ADVISORS, LLC",LMS46910,1462085.0,-23608641.4125,228,0.0,-24233719.1249,200.0,1.0,1,-0.8352231060964155,-8.292653515304126,2.310159724429313,4,FSUSA07XD8,1
29808,2018.0,9.0,2018-09-26,24,PIMCO,23720,72201F490,1998,Wells Fargo Advisors (PCG),83333,"WELLS FARGO ADVISORS, LLC",LMS46910,29603623.1802,-1372693.5104,173,29669655.3402,-1454569.1104,188.0,1.0,1,11.943737120688784,0.11592567939636204,0.22036944765147204,2,FSUSA07XD8,1
